"","genes","TS","SD"
"1","LEPR",52.618170473155,1.45938432429801
"2","EBF1",35.6589495961435,1.23737519327633
"3","ATP2A2",34.6157278136102,1.13335039302213
"4","ENPP1",32.7113536197212,1.40360808039931
"5","WNT11",32.0449091116092,1.24942027607351
"6","TP73",31.8017616391264,1.12887484560775
"7","CASP3",18.0822879540655,1.10569630347578
"8","NRF1",17.9210784510227,1.15184842893509
"9","TIMP1",17.8187820971795,1.33469894997217
"10","NRAS",15.7579858279549,1.40384776038927
"11","ABCF1",14.1566502708158,0.900264944697346
"12","PLOD2",12.9925539004198,1.41581555997932
"13","SLC38A5",12.959577478356,1.23568699761385
"14","SREBF2",11.097518142873,1.30162126596982
"15","CDKN1A",10.5967248362423,1.5608083638912
"16","PI4KB",10.3938684988329,1.37334799910513
"17","GADD45A",10.3420426859149,1.51776669326853
"18","GJA1",10.0627975998712,1.39865535612419
"19","GGT1",9.90219280372919,1.06355361011818
"20","CCNG2",9.52105309059822,1.1733325866139
"21","SLC28A3",9.38337302170057,1.34160647035376
"22","FMO1",8.83257656264381,1.49762816115626
"23","MTOR",8.70489362935865,0.948264706824505
"24","DDR1",8.67308207158772,1.23570624356091
"25","TGFB3",8.50876363139103,0.890155429329757
"26","PA2G4",8.45434064516163,0.929571231987796
"27","NOTCH3",6.72239567932131,0.994607517646616
"28","DAXX",6.63353588898855,1.06453025324116
"29","ATF6",6.37485145118851,1.25671768402774
"30","MAP3K7",6.24853957771895,1.19393745423681
"31","DIABLO",5.93048881969028,1.18932004919346
"32","TSC1",5.6248022114305,1.59221845490584
"33","NPM1",5.39122153941488,0.916983433855337
"34","ASGR1",5.32583863692037,1.0445135634819
"35","ODC1",5.07220948059725,0.950847378345083
"36","TGM2",5.01062139512682,1.15621413931319
"37","PRKCA",4.98800410383806,1.25879178380411
"38","GCLC",4.86675712987093,1.22508112135912
"39","AKT3",4.8224195484116,1.516690110176
"40","CDKN2C",4.79393852467756,0.624653683120664
"41","FADD",4.77752922567478,1.46075460173082
"42","RASSF1",4.59835810064777,1.04227396417502
"43","ATG5",4.57090082606987,0.882703298517535
"44","ID1",4.50325840362949,1.60533455429689
"45","CDKN2D",4.47006001809418,1.65733250882254
"46","PLCG1",4.44388528584527,1.3795454146975
"47","ITGAV",4.43297364038401,1.32777807327915
"48","COL2A1",4.41040907499132,1.2680272591896
"49","CXCL5",4.33179986915875,1.0432816435318
"50","PNMT",4.30846876990511,1.65177483053522
"51","ESR2",4.13505336880782,1.11996199917552
"52","MAF",4.08489549875477,1.69537513413928
"53","BHLHE40",4.01477973993737,1.43026281360555
"54","JUN",4.01090409573005,0.831403042450446
"55","MICA",3.97668462131681,1.92926944841808
"56","MSX1",3.8657551697573,1.5930952742232
"57","GAP43",3.7906422468346,1.54484130910903
"58","SCO2",3.74509659977569,1.29284732450239
"59","PLAUR",3.69266987825045,1.52817741939611
"60","SESN1",3.63649309043387,1.29970576327108
"61","MMP11",3.61300266574737,2.06681369294091
"62","HPRT1",3.60985494503402,1.30147710192493
"63","LEFTY2",3.55628811580307,1.49723147757673
"64","EIF2AK2",3.54477059211755,1.20930287083628
"65","FARSA",3.53076647703292,1.09910112468338
"66","CX3CL1",3.52492520938992,0.989945936251196
"67","FLT1",3.52295263283489,1.36536854500176
"68","MGST3",3.4067387657458,1.24618392802672
"69","IGFBP6",3.36393678910165,1.88195256812159
"70","MAOA",3.36132734794534,1.39478814461499
"71","FGFR3",3.29867120267091,1.21722998995547
"72","PML",3.28725825006498,1.30196885055353
"73","ABCC3",3.24412067741048,1.39650679746778
"74","CCND2",3.23503703872371,0.944590697146816
"75","PAPLN",3.00716053049142,1.04417912935312
"76","NFKBIA",3.00221920261455,1.75333182636886
"77","IFI27",3.00026611565426,1.0170989417994
"78","SLC22A3",2.9853784925404,1.41227821364488
"79","FOSL1",2.95505104878188,1.44459885359105
"80","DST",2.92636572108197,1.25899338900516
"81","FABP7",2.87170653676168,1.22433179772492
"82","EZH2",2.82019286187424,1.22433494246466
"83","PMEPA1",2.81735143011477,1.35790574153235
"84","CDH11",2.80963770721147,2.20625385530037
"85","HMGCR",2.80580303226967,1.11621148667287
"86","ADRB2",2.80370170497547,1.76572205613883
"87","MUC1",2.7993953389952,1.27790843898321
"88","SON",2.79638946787411,1.08365377826654
"89","PIK3CA",2.75050357866443,1.22508190092983
"90","BDKRB1",2.73426917343454,1.65175913415622
"91","ADSS1",2.71744194421809,1.24475891107945
"92","CH25H",2.71558920619274,1.08634352772018
"93","ADM",2.70948392678546,1.16504566687261
"94","HEXA",2.68012741824649,1.37551700518193
"95","SYN1",2.65609400028168,1.99583128250094
"96","HLX",2.65314228941534,1.04190111065191
"97","APOBEC3G",2.64692854377238,1.35320454811478
"98","IFNA1",2.64585981167858,1.12249379224708
"99","ARNTL",2.60919393102905,1.16936945306192
"100","PTPN11",2.6029690294998,1.29784218059845
"101","ABCA12",2.59827803488636,1.33316019595709
"102","TRAF6",2.58282487146088,1.09474662801082
"103","GPX1",2.58236523648882,0.953890039309311
"104","ALDH6A1",2.58169494881719,1.20912251141451
"105","JARID2",2.57331781516021,0.951153368137741
"106","CCNE1",2.53958943898143,1.51564850698024
"107","ABCG1",2.53912716633078,1.19400042730827
"108","GALNT1",2.52117425169678,1.44846993710241
"109","TIMP3",2.51250733466044,0.91334790291473
"110","TCF3",2.47520536728101,1.41849661485166
"111","IRF1",2.47018900843333,0.97088772549165
"112","HSD17B7",2.46758421983141,1.14651969798854
"113","MCM5",2.46171274076195,1.10136200890544
"114","PTPN1",2.44479401508973,1.01700159121172
"115","PAK2",2.43593877415072,1.64908538261071
"116","BIRC2",2.40750687941106,1.11055207503435
"117","LEFTY1",2.3738465316157,1.09718286674849
"118","MYO3B",2.37128731372043,1.90210079744096
"119","ID4",2.3312453963538,1.27733267950536
"120","TP53",2.2950636510848,1.08931534033524
"121","POMGNT1",2.27153177178692,1.60182403873016
"122","ABCC4",2.26917343977518,1.42352295017266
"123","RBL2",2.259713853348,1.16750710186326
"124","CREB1",2.25958814073604,1.19573985315418
"125","VDAC2",2.24266400150893,1.31732730185396
"126","MX1",2.22813042923724,0.852496801208562
"127","IFITM3",2.21611692514533,1.01020030883821
"128","CDH5",2.21255879346649,1.51000374896223
"129","AS3MT",2.20672766584548,1.15319438934398
"130","EGR1",2.18676144917126,1.89444104521566
"131","SULT1A1",2.16823333333134,1.43244094642423
"132","BACE1",2.15539446132198,1.41885110534151
"133","F11R",2.1535191467223,1.12502186181784
"134","NME1",2.14954149149126,1.3420629892112
"135","TCF7",2.13326110593855,1.61639266365681
"136","USP22",2.12734974788254,1.19309177571533
"137","WIF1",2.1041489741372,1.94275782033968
"138","TNF",2.09311366961139,1.08197047888962
"139","GLI1",2.09295002840202,1.07710143842737
"140","TGFB2",2.09240881046358,1.46975122577777
"141","VCAM1",2.0856556978177,2.30903219402814
"142","NODAL",2.0854865145515,1.81720550317813
"143","GPX4",2.04816556490228,1.06886519564339
"144","NAA20",2.04632989575758,1.33866390084048
"145","MYLK",2.03749663593728,1.83272535317098
"146","HYOU1",2.02647184770826,1.60103785570892
"147","IL17RB",2.02523942020419,0.941688876822607
"148","PCNA",2.02033929731164,1.47094528320242
"149","STAT3",2.01751793707343,1.61127536710968
"150","GAS6",2.01511656781891,1.23727664439117
"151","EIF4E",2.0086759597375,1.21109347713441
"152","GALC",2.00645153774532,1.12692443065565
"153","CCND3",1.99610225608993,1.39418900339666
"154","PSEN1",1.98622723477816,1.5928275748111
"155","BCL2L11",1.97180649655861,1.28367277177219
"156","CYP27B1",1.9649241493479,0.786211062678303
"157","GDF3",1.96471410750815,1.75815446084395
"158","GPX3",1.96303938905707,1.52609538710757
"159","COL4A1",1.93403555767917,1.94467974417935
"160","ATP7A",1.93313509233729,1.06311229218892
"161","ADAM17",1.92423556143544,1.26996584689033
"162","FGF2",1.92120215433591,1.70942846496578
"163","CXCL3",1.91353458446011,1.12300411021152
"164","LRRK2",1.91006525451551,1.3949296639537
"165","VDAC1",1.90619313994243,1.07529996075356
"166","TBX2",1.89871690174477,1.74787933789426
"167","ID3",1.89861665783859,1.11410073030462
"168","SEL1L",1.89175625136629,1.06738726213787
"169","RARRES1",1.88015078825379,0.91107941388367
"170","SNAI1",1.85942327412995,1.95444724154707
"171","BTG2",1.84176658128016,1.47499351738887
"172","FASN",1.83651327757214,1.06641257354784
"173","LAMB1",1.82770796937001,1.80814652147551
"174","INSIG2",1.81658646262673,1.12809652008401
"175","IGF1R",1.8114341059293,1.35097642832396
"176","SNCA",1.80839525694239,1.4719103557685
"177","IFNAR1",1.79822647536817,1.08009186469101
"178","TAP1",1.79561514890034,1.24060371253089
"179","CNR1",1.79464749948686,1.34908742652684
"180","SRF",1.79363687536301,1.02332278769685
"181","ING1",1.78843627221718,1.55735539338287
"182","TASP1",1.78823391640557,1.83134823718987
"183","VDR",1.77895665723629,1.25139761475215
"184","CD163",1.7775143791584,0.995355876732977
"185","COX5A",1.77726392556436,1.17874035098157
"186","MEF2A",1.77555629434269,1.24840753648424
"187","DMBX1",1.77534043869641,2.10707115053438
"188","SOD1",1.76755869363933,1.25633521275526
"189","REST",1.76673659140925,1.4013622489353
"190","JAK2",1.75722302640411,1.45768437415194
"191","GLI2",1.75231008348876,1.50349116053468
"192","EDNRB",1.75057876832469,1.69612327101395
"193","VCAN",1.74245064928856,1.38682712982924
"194","NOTCH2",1.74202971159026,1.78942129211302
"195","PSMB10",1.69464216024093,1.03394683718902
"196","TLR5",1.69461166781107,0.995247001538025
"197","ATP6V0C",1.69261327752785,1.22444145674273
"198","RFC1",1.69017049804886,1.35810264179679
"199","TCF4",1.68771507564035,1.41839058582005
"200","FGFR2",1.68622002146076,1.42047730506585
"201","DRAM1",1.68238761137384,1.0759897858008
"202","CYP2D6",1.6768270560796,2.12897991719572
"203","CHGA",1.67580281308631,1.18241054128607
"204","XIAP",1.67017128509101,0.971602907688857
"205","DPYD",1.66801852644097,1.80901120759087
"206","WNT10B",1.6674443317057,1.314062234857
"207","PNPLA2",1.66610138282013,1.0663119854914
"208","ABCA6",1.65386482320246,0.963572056062947
"209","HSPA2",1.65339989981296,1.15300400675393
"210","BAX",1.64932438165614,1.03627771254039
"211","SLCO3A1",1.64641524506048,1.42057404182467
"212","ABCA5",1.62106729287216,1.2168276997748
"213","XAF1",1.60509283837579,1.36149802673086
"214","CD34",1.60449961346234,1.41805065097556
"215","CYP2J2",1.59988392417417,1.14766381398741
"216","CCN3",1.59262116650648,1.70945789130878
"217","REL",1.57628449708453,1.68451572598335
"218","APAF1",1.57592872756132,1.6893606589046
"219","SLC31A1",1.57011164277143,1.18707042283711
"220","APC",1.56696246613904,1.08997625608624
"221","PYCARD",1.56269091395934,1.10314367508223
"222","PARK7",1.55967213590848,1.31248971437468
"223","MGST1",1.54615191462555,0.757312215788064
"224","ZYX",1.53983194502996,0.974718959824581
"225","KLF10",1.53968065111102,1.17557954742682
"226","APEX1",1.53745464272773,1.10905570054681
"227","ERBB2",1.53667278072353,0.99211512250882
"228","GCNT1",1.53321393164683,1.30065421642834
"229","PTGER4",1.53284036629928,1.39265129720277
"230","CYCS",1.52118342119847,1.02383694075927
"231","UCHL1",1.51566377619496,1.26258267681869
"232","AKR1B1",1.51550282126851,1.61736444400859
"233","TRAF2",1.5082740662464,0.911530557512715
"234","CDH2",1.50583441709158,1.58965336671896
"235","MAP3K5",1.49960422436258,1.53818050073106
"236","UGCG",1.4967123461392,1.1388110651941
"237","OLFM3",1.49010780830409,1.55298524884367
"238","TGFBR1",1.48785304152961,1.68304163300259
"239","LMX1A",1.48766882684638,2.13716147980587
"240","EPCAM",1.48091667496564,1.15090930836699
"241","SLC9A1",1.47173162853867,1.1971943318648
"242","DAB2",1.47172935971194,1.48766523711344
"243","LAMC1",1.47077530638344,0.973313717044997
"244","RAC1",1.46553608918559,0.864121666498042
"245","NR4A2",1.45254427487345,0.837620732665443
"246","SCARB2",1.44205502569104,1.27048398011742
"247","KEAP1",1.4401347075993,1.34257667146868
"248","C5",1.44003124482733,1.67495814807275
"249","LATS1",1.43051488159933,1.36094049538269
"250","THBS1",1.42787438991573,1.23618701191748
"251","IGF2",1.42770485271751,1.96024734502577
"252","CST3",1.41729346338577,1.22633457967762
"253","RAC2",1.41501072271042,1.22926923462699
"254","SDC2",1.40929990270185,1.34503295577031
"255","HDC",1.40624701205562,1.63725110026722
"256","ACACA",1.40186026110161,1.34263195862479
"257","GSTP1",1.40148586741275,1.39006718370611
"258","CXCL16",1.39957489707606,1.18883722767415
"259","CBX5",1.39723042268365,1.18447045636074
"260","FOXA2",1.39506057923108,1.53539660127098
"261","HMOX1",1.39074700563532,1.45578424837081
"262","JMJD6",1.38685232358642,1.86503482564921
"263","CYP3A5",1.38380738290625,2.00120784570097
"264","NLRP1",1.38360563635824,1.33490112633748
"265","GABRA2",1.37721953663414,1.49645236454833
"266","TBP",1.3690709677517,0.787037465679478
"267","CD83",1.36900673175835,1.35651586217781
"268","ALDH3B1",1.36767121733671,1.24240337586328
"269","BDKRB2",1.36700215195034,1.58795840350404
"270","CAV2",1.36535287721274,1.24534194033773
"271","FKBP1A",1.34975316335416,0.940706114363873
"272","KITLG",1.34833523957096,1.4439019888681
"273","SNAI2",1.34825630806473,1.49271421533421
"274","AXL",1.3482269246999,1.3883552999109
"275","FOXG1",1.34805286365836,1.68305821844462
"276","HGF",1.3468505295093,1.37309605395971
"277","ALDH1A1",1.34578739415562,1.2826366729934
"278","MAP4K2",1.34446348451579,1.30322824664143
"279","PRDX1",1.33881341971078,1.22919682371405
"280","RBP1",1.33708141204955,1.74033788035616
"281","CYP2S1",1.33552211658925,1.17473783156593
"282","AQP3",1.33281284137484,1.84928945395601
"283","PAX7",1.32954183261595,2.13375576816068
"284","MDK",1.32850343995517,1.06443511501518
"285","HSPA1B",1.32688483040337,1.96453005904096
"286","COMT",1.32554374600712,1.29024699284982
"287","SFRP1",1.32186823057624,1.42230207720941
"288","CLDN7",1.31951749759653,1.2032656563524
"289","CRYAB",1.31732260298094,1.95280095410412
"290","BMP2",1.31365310979587,1.45035354052574
"291","JAG1",1.31270983468202,2.11156023254963
"292","ALDH1A3",1.3120109594236,1.77081663108235
"293","NRCAM",1.30347474176629,1.53409985348092
"294","CDH9",1.30172096413534,1.51041557002364
"295","ADH5",1.29491891899451,0.772715062301259
"296","GBA2",1.29437826016359,1.30336354782692
"297","CDK4",1.29435473692287,1.27508263239722
"298","FOXP2",1.29259963311435,1.4023263512408
"299","TST",1.29218862180452,1.18134196388066
"300","TNFRSF1B",1.29101774501858,1.58283724417622
"301","CD14",1.28936135456778,1.50984223139555
"302","MST1R",1.28888265325182,1.1624387168045
"303","CDK1",1.28844390824106,0.897165355614291
"304","MAPK8",1.2880318066541,1.34755962155924
"305","CRABP2",1.28719099259022,1.14864848350244
"306","DDOST",1.28246437971758,1.0162599941984
"307","NR3C1",1.28202703839389,1.33776430628899
"308","SLCO1A2",1.2818177676487,1.42056941036296
"309","FRZB",1.28075074723393,1.45647975267215
"310","TFEB",1.27983203553383,1.40316560450054
"311","FBN1",1.27686646469883,1.36359129595981
"312","GSTA4",1.27636293456177,1.31159889631053
"313","NTRK2",1.27576147759889,1.86686840376973
"314","NRG1",1.27232642445414,1.72316393354787
"315","EIF4EBP1",1.27212807298613,1.30033089153342
"316","CBL",1.27163161004656,1.37533413486218
"317","ADORA1",1.27144321208391,1.12696950692789
"318","PTP4A3",1.27141373977654,1.78357314598484
"319","DHFR",1.2630039923248,1.69607676179564
"320","NAMPT",1.26064002509913,1.49383646677667
"321","EWSR1",1.25898941115007,0.891093381671427
"322","STAT4",1.25674186156766,1.11131800934539
"323","CASP8",1.25587396253698,0.857293840172979
"324","IRS2",1.25067915543638,1.29881315848241
"325","RB1",1.24987486168963,1.08155352978823
"326","COPS5",1.24772354865472,1.63999727818745
"327","PDGFB",1.24441029688478,1.46398831428021
"328","CPT1B",1.24092896979788,1.30685297881084
"329","ITGA5",1.24067531461361,2.11382761710161
"330","GRN",1.23903766248977,0.938300508068116
"331","TGFBR2",1.23722353350848,0.997308523643279
"332","WNT1",1.23475279136076,1.5102510755168
"333","ABCD1",1.23421427356879,1.57519817237706
"334","TNFRSF11B",1.22412984623447,1.40434494199386
"335","HSD17B10",1.21977431408745,1.39426512732832
"336","NTRK1",1.2188269353244,1.46883498963884
"337","JUNB",1.21765524207876,1.98638467221479
"338","BCL2L1",1.21141233131277,1.28129612547511
"339","SIRT1",1.21134963146903,1.08911951685702
"340","SERPINF1",1.20814616460455,1.35536728321362
"341","SLC3A2",1.20733421807124,0.980749816440604
"342","RECK",1.20548547769173,1.05449247163269
"343","CDKN2B",1.2031384543562,1.51111538511472
"344","NR4A3",1.19995585625197,1.45770624079066
"345","HLA-G",1.19832242363677,1.16369727519231
"346","NEDD9",1.1957760360562,1.83448020852012
"347","CLEC7A",1.195714363472,1.59896615250829
"348","MLH1",1.19552503718741,1.56380949719943
"349","PAX6",1.19439774901646,1.55821146225023
"350","MME",1.1933902958936,1.68020052503416
"351","RND2",1.19324795464972,1.37118932077282
"352","SMAD7",1.19217812029847,1.90554106792425
"353","HHEX",1.19204138423794,1.28556053966274
"354","BCL2",1.18967545508432,1.26695549228168
"355","RGS4",1.18847688219036,1.95944160979266
"356","NR1I2",1.1884746525612,0.831374406323907
"357","CUL3",1.18692191180222,1.21937641590796
"358","MYBL2",1.18648096790111,1.36970209971241
"359","HRAS",1.18579402037238,1.68991583682507
"360","HSPA4",1.18537149716664,0.75314366666076
"361","SERPINB1",1.18489899624743,1.13576750133774
"362","MGMT",1.18468126662044,0.935438561061203
"363","RHOC",1.18325409669538,1.52095359730484
"364","CRY1",1.17945773053435,1.32757311341334
"365","LFNG",1.17929962238048,1.50754728999266
"366","NGEF",1.1788059668752,1.74871761241369
"367","SULT1C4",1.1756872754033,1.31867457878147
"368","S100A4",1.17434051214915,1.35868403970015
"369","KLF15",1.17204604782532,1.34067937568639
"370","FOXM1",1.17092450838777,1.41389263664241
"371","ROBO1",1.1687259567801,1.71356720010753
"372","ABCD4",1.16209815050962,1.31719140835429
"373","CYBA",1.16158465981893,1.3360371261416
"374","DKK1",1.16137995091393,1.59621045521856
"375","CAT",1.16052490490551,1.17103946561827
"376","SLC47A1",1.15916945691172,1.41805374573456
"377","ZEB1",1.15413075898689,1.12707470474864
"378","PPP1R15A",1.15356036704794,1.32997000516795
"379","KL",1.15207793922209,1.19289728454399
"380","GADD45B",1.1519077291567,1.36684590282518
"381","IL6R",1.15088112778966,1.22781268066324
"382","PGF",1.14978128149372,1.52419929452011
"383","MECP2",1.14844126566484,1.12204514036841
"384","SP3",1.14439741624087,1.02532643585469
"385","MMP19",1.14404374603686,1.25728608127863
"386","CLDN1",1.14402698442772,0.991399276354925
"387","IRF9",1.14246165974293,1.80688483915023
"388","TRPV1",1.1401898116832,1.44116308995492
"389","FOXO3",1.13925800720251,1.09626192251643
"390","TWIST1",1.13853551844179,1.03106865691864
"391","MTA3",1.13791447488548,1.63283956393298
"392","SERPINE1",1.1331275912724,1.48434379897669
"393","CLOCK",1.13037379216449,1.48663281045677
"394","LEF1",1.13000303562793,1.22402764182594
"395","UMPS",1.12901171977684,0.993491557238476
"396","NR1H3",1.12833797385703,1.43129476197247
"397","SP1",1.12661370964711,1.24890110828019
"398","FST",1.12317020041154,1.78861929441081
"399","ZFP36",1.12187547383137,1.40334146641874
"400","EGF",1.11744780611648,1.79124620569962
"401","ABCC2",1.11611077414759,1.31908831213821
"402","RBL1",1.11465720562771,1.23220676054717
"403","VWF",1.11377547889235,1.63759725639455
"404","CASP4",1.10714618774494,1.13254012191499
"405","PLAU",1.10392414985868,1.42607780145189
"406","SLC46A1",1.10190778693087,1.25760451293456
"407","CHI3L1",1.10115203797905,1.58712232627585
"408","PTX3",1.09846525838056,1.08502278245529
"409","SOCS3",1.09194656943223,1.52285334835046
"410","UCHL3",1.09095191983736,1.13910082338307
"411","ESRRA",1.09043939168073,1.559766394401
"412","MCAM",1.08622266573445,1.10318098749163
"413","EGR2",1.084840275458,1.35401296191649
"414","RHOA",1.08299243566645,1.58720843665831
"415","PTK2B",1.08228232591541,1.03651808007465
"416","FBP1",1.08136156960031,0.972406067775083
"417","TREX1",1.08093861297918,1.1714506033185
"418","NFKB1",1.08035916113883,1.07229622321204
"419","CDC6",1.0784141525025,0.921021117161085
"420","CDKN1C",1.07831355906678,1.18148951808441
"421","BMP7",1.07619235216648,1.96048319620305
"422","CTSL",1.07584133976114,0.96908333796468
"423","CCN2",1.07454089599492,1.35414093449096
"424","MAP2",1.07320213643316,1.94054597599414
"425","NFKB2",1.07235647504219,1.11072444242648
"426","TPH1",1.07056621883441,0.904860098912545
"427","NAT1",1.07051479138771,0.869491024883594
"428","FBXO32",1.07014091835773,1.29101050518906
"429","ABCC5",1.06770524608283,1.2993070713549
"430","POU3F3",1.06760677115106,1.2726860295281
"431","ACP5",1.06477566155892,1.23609804507176
"432","SAT1",1.06370801190188,1.14079422512912
"433","GBA",1.06031445508037,1.3438079249927
"434","GRIN2B",1.06013735374351,1.79889541066251
"435","NR2F2",1.05715072496643,1.38243278742527
"436","SYK",1.05623872093161,1.41717825026622
"437","ERBB3",1.05514870265142,1.46244101603576
"438","SOX7",1.05317019299618,1.1175190614817
"439","DRD4",1.05280600380714,1.31350237222997
"440","C3",1.05148526869226,1.70616279781622
"441","CDC25B",1.05080259936756,1.90432896626728
"442","OGG1",1.04812809889327,1.24904756048088
"443","DBI",1.04780277560616,1.07950881320078
"444","DNAJB11",1.04647391757243,0.976687879154096
"445","SCN5A",1.0459476474207,1.75141384560343
"446","KLF5",1.03958736640591,1.61505823827948
"447","ABCC11",1.03912707493357,1.10905806648424
"448","ABCD3",1.0386329640382,1.00124098777658
"449","SPP1",1.03789052250624,1.24993933304513
"450","MYB",1.03457743128685,1.01093176778884
"451","DDIT3",1.03363316397409,0.907249956445261
"452","CACNA1H",1.03361599611929,1.48085887711413
"453","MEIS1",1.03316410663713,1.38613026430645
"454","PLIN2",1.03120744265293,0.926672571798706
"455","DTX1",1.0308130425802,1.44436311608465
"456","GABBR2",1.03006828074243,1.65361603658475
"457","MAPT",1.02515454263413,1.53416728819631
"458","CD9",1.02275749441239,1.19452232227996
"459","FGFR1",1.02197088499622,0.928180706691984
"460","SLC16A2",1.01896387193834,1.65718222759966
"461","GSK3B",1.01600299250923,1.25208054699196
"462","CDK2",1.01570189664665,1.20577012122739
"463","AQP4",1.01494687999986,1.14017741336723
"464","CHST7",1.01483140442891,1.44749534192277
"465","BAD",1.01249009139856,1.12972011896606
"466","TYMP",1.0117775756254,1.63574166443852
"467","ADAMTS1",1.00995053261038,1.32423898712524
"468","RELA",1.00852048481691,1.49770386906168
"469","GSTO1",1.00757427815572,1.1597606339099
"470","ITGA6",1.00731424778361,1.48668076543662
"471","ENC1",1.00426575414846,1.58042603279255
"472","SLC22A5",1.0035527379657,1.28271816989196
"473","BID",1.00335714062727,0.984555312240693
"474","ACSL1",1.00267901025001,1.2003479743629
"475","AANAT",1.00060814035114,0.940104271199114
"476","ADORA2A",1.00053826050314,1.12709829414087
"477","MAOB",1.0004957823249,0.830272737414174
"478","EMX2",0.997463334319993,1.53002811208744
"479","KDR",0.994483000244464,1.49317367307287
"480","ALDH2",0.992060260085161,0.996869141202939
"481","PDGFRA",0.989382850472448,1.50604415944438
"482","ZEB2",0.98880820974079,1.40213235484179
"483","CDK5",0.988492296682481,1.32219281721576
"484","RPS6KA1",0.988375356918858,1.14390663208122
"485","IL2RB",0.986987413503714,1.32887288746653
"486","SELL",0.985270120145923,1.43105894629435
"487","FKBP5",0.984389721000585,1.37571637380407
"488","RARA",0.982707338618521,1.67959543928882
"489","ABCB4",0.979811774795009,1.5054632484486
"490","SLC1A3",0.978682072832694,1.42833374967914
"491","SLC22A7",0.978055805648928,1.1978617926071
"492","ERCC2",0.974130804472997,1.03917933262481
"493","CDC42",0.973810243181015,1.05710304086204
"494","POU4F1",0.973629957148766,1.34952015992127
"495","TAP2",0.967593688095911,1.47439706038854
"496","CDKN1B",0.967355302536856,1.04238099691679
"497","CYP2R1",0.961990938361074,1.08289852648765
"498","GAD1",0.961868746309739,2.07359208456881
"499","NF1",0.961138780344833,1.51547302671385
"500","ITGA3",0.959815058947105,1.12425561107219
"501","WNT5A",0.959255682384005,1.37987119234193
"502","BIRC3",0.956149496973434,0.854963172120525
"503","TRPM8",0.955484870031186,1.61982107648488
"504","CTSZ",0.955173187949226,1.50826305123953
"505","MGAT2",0.954834185050143,1.26139571068622
"506","CYP2C8",0.954416179784688,1.44937548956469
"507","RARB",0.953853398232918,1.37690191924201
"508","AGPAT2",0.951653703832538,1.21909791819643
"509","CES3",0.950174432156728,1.79698530710522
"510","DHRS2",0.94964711292766,1.32930913691563
"511","CCL2",0.949271986763482,0.983137789057098
"512","XDH",0.945183797981648,1.67568548786983
"513","HNF1B",0.944297081908906,1.04324471576058
"514","BAG3",0.944224618312917,1.19271027764601
"515","SDC4",0.943556394721409,1.08559266183506
"516","L1CAM",0.941757671231152,0.931531358853419
"517","PAX3",0.941734123980203,1.34265197198755
"518","CNTFR",0.941552245022266,1.31469792299941
"519","SOX2",0.941456844237925,1.57301703967139
"520","NOD2",0.940982891724167,1.20134795014092
"521","ABCC1",0.940055680917608,1.26460461957551
"522","DKK3",0.938851062997701,1.05207415631443
"523","CALM1",0.937879638237549,1.0017134542726
"524","TBC1D9",0.937763921779437,1.70864038869846
"525","SOX5",0.936260907105091,1.17336116477643
"526","SCN4A",0.936033697892926,1.9751813271561
"527","MAPK13",0.935487942221167,1.31125579356239
"528","SULT2B1",0.933028214976313,1.48736525235747
"529","SCG2",0.932270826148103,1.28390811335844
"530","ABCA2",0.929815796958143,1.50779068114517
"531","CXCL2",0.929052283175972,1.49349226120871
"532","ATP5F1C",0.926578548063294,1.05628389095579
"533","CABP7",0.925746836337744,1.43412203246483
"534","ALOX15",0.923523412839714,1.11937515206821
"535","EZR",0.923149716187993,1.25463493779832
"536","SCNN1A",0.922363506108701,1.19324004369283
"537","SLC27A4",0.921212812566811,1.0470412740722
"538","CAPRIN1",0.916020989684228,1.1800242044347
"539","HEY2",0.915767671992478,1.19337466519644
"540","SMAD3",0.914703188316627,1.08379492101749
"541","ZBTB16",0.913826822453381,1.07803439829934
"542","UGT1A10",0.912091139505447,1.64055925998416
"543","CISH",0.91071736888878,1.56144419255714
"544","IFI6",0.908796497473037,0.926974203461867
"545","MIIP",0.907854201667904,0.889752504325041
"546","B4GALT1",0.903930976205123,1.0985063360728
"547","AKT2",0.899916200480169,1.32285848609371
"548","ACSM3",0.899101373361106,1.25699296215406
"549","BCAR1",0.897993681202648,1.39226609198039
"550","SLC7A5",0.897781757373016,1.3483740448278
"551","TBX3",0.896142653277399,1.75418654993141
"552","EPHX1",0.895218666223506,1.18230741857109
"553","GATA6",0.893683866150336,1.41750956655911
"554","TLN1",0.890511067327845,1.34345046880079
"555","SLC7A8",0.889409887974449,1.22374931880975
"556","BCL11B",0.887845275811958,1.02949702439393
"557","HEY1",0.887144743440193,1.57212391413846
"558","ABCC10",0.884822394583615,1.24355798653961
"559","PDCD6",0.88466123257155,1.3566546214247
"560","LGR5",0.879689377775061,1.29902383371952
"561","SLC29A2",0.877918114852406,1.01798204605333
"562","EPHA2",0.876407313284122,1.29899218987664
"563","ITGA1",0.870021576706559,1.26162200913768
"564","ST14",0.86879894568533,1.37183257227176
"565","CXCL12",0.866817744741714,1.31141948572459
"566","CSF1",0.865182636623058,1.19738267021836
"567","KDM3A",0.864476152624078,1.40049856736841
"568","SPOCK1",0.86214081700564,1.42255760659622
"569","IL12A",0.861731758316831,1.12045436302013
"570","SLC16A3",0.861657877573833,1.26590669935945
"571","EIF2AK4",0.860272673613411,1.66168459137438
"572","SMAD2",0.859747781620052,1.49463574925449
"573","NOTCH1",0.856843009496592,1.26641849459778
"574","SERP1",0.854386327839592,1.19543787569715
"575","FERMT1",0.853752401168229,1.28417288582583
"576","CDH20",0.852274387002089,1.05544304854651
"577","ME1",0.85192630276848,1.21165938976672
"578","ALDOC",0.851908964006284,1.44108871590378
"579","PLD1",0.850627688672861,1.65801406558281
"580","ADIPOR1",0.845735383928204,1.44316147612287
"581","ARNT",0.845030619142295,1.49063105660468
"582","LPAR1",0.843541830497337,1.44069468195786
"583","ISG15",0.842534951552915,1.42598861331479
"584","PPARA",0.842518539970055,1.14904570073832
"585","ATF2",0.840328628726259,1.59984461071685
"586","CD40",0.839914490851203,1.69347232064003
"587","SMAD5",0.839546228753034,1.43522095660367
"588","GSR",0.839331494622686,1.35273999456552
"589","CYP26C1",0.83848726145926,1.35336039913565
"590","CDX2",0.836913128819122,2.22544011561675
"591","PTCH1",0.834456176971101,1.30624542677338
"592","PCSK6",0.832926727743565,1.37594820946553
"593","INMT",0.832407053889942,1.54748103007419
"594","IL13RA1",0.831478122747942,1.02313701127209
"595","ATF4",0.831462554698438,1.11358865542803
"596","MSH2",0.82969138095441,1.25866450213408
"597","PPARGC1A",0.829479929449294,1.41333241984626
"598","EGLN3",0.828191982451175,1.70198335287497
"599","ALDH4A1",0.827343674053411,1.15561205035482
"600","IL32",0.827325081298235,1.06401438890743
"601","CDK6",0.826706719381454,1.14914853578219
"602","BST2",0.826108188958762,1.49341698253073
"603","NKX2-5",0.825625760636307,1.35937841487822
"604","FABP1",0.824070497950864,1.42752570929483
"605","ENO2",0.823229749416458,1.66266242887371
"606","SMURF1",0.822564742304332,1.1173164618527
"607","CADM1",0.822168173410053,2.08891243404995
"608","GREM1",0.820881441810959,1.71806722226869
"609","HESX1",0.818900771185551,1.3073507200814
"610","SLC29A4",0.817608114473284,0.844637892178644
"611","NQO1",0.817212723163065,1.15017541044505
"612","MCOLN1",0.816940951615621,1.19719152231609
"613","ABCG2",0.810000666887135,1.47738003077946
"614","ERCC1",0.807398395047293,1.09540310977812
"615","IRF3",0.805918815385289,1.0657692619378
"616","HSPA5",0.805030531220564,1.26371848752555
"617","CYP8B1",0.801233837819699,1.17429686855821
"618","NR1D1",0.801222849297507,1.57303868132229
"619","PTK2",0.801106654846945,0.969925373748045
"620","ACHE",0.801068263957368,1.29165930965144
"621","BRCA1",0.800934405446579,1.70288467065307
"622","MET",0.799277095819587,1.35068780862489
"623","BCL10",0.796208156238195,1.13027156180491
"624","SOX4",0.79578393807557,1.26173851868668
"625","ODAM",0.794914418799467,1.24219003599489
"626","CEBPD",0.792735841274628,1.20215251699952
"627","UGT1A8",0.79126576845195,1.61632057264702
"628","MITF",0.790418699469748,1.36906716151007
"629","SOD3",0.787921449727589,0.895506064356124
"630","GSTO2",0.787845877110615,1.15809592421743
"631","PCK1",0.787736355081621,2.17500058856502
"632","MYD88",0.786918118048684,1.23437967873708
"633","LGALS3",0.786578477035252,1.19542416149002
"634","CTSA",0.786467809210653,1.14047132438535
"635","RAMP2",0.786096582623525,1.57755702367142
"636","HNF4A",0.782679203255929,1.26885115128025
"637","UCP1",0.781068511114825,1.18607102089522
"638","TAC1",0.781012630594697,1.15562167057268
"639","DUSP1",0.780352969349177,1.76455766494421
"640","TRAF1",0.779758126522176,1.81714741846954
"641","ABCA3",0.778828740739862,1.56128838774714
"642","IFNAR2",0.776798579620311,1.10929091812063
"643","PRKCB",0.773802287775632,1.74108955419994
"644","ANGPT1",0.771496059514626,1.30700323257144
"645","GAD2",0.771268270557741,1.35492816026704
"646","CYP2E1",0.771060366381807,1.56798163804961
"647","STC1",0.769567369168407,1.80736572990598
"648","ALDH1A2",0.76840285532421,1.29269117819181
"649","RCAN1",0.764667249203213,1.62265205195084
"650","ETV5",0.764586224363302,1.74601476869678
"651","GSTM4",0.762794657936786,1.42643475566799
"652","MDM2",0.762700146382536,1.06272714225738
"653","PRDX6",0.76055457097775,0.892730379903944
"654","EDNRA",0.758132756299185,1.33445739417852
"655","PPP1R3C",0.756191582929373,1.27965268747102
"656","TSLP",0.754830812691166,0.870208281718027
"657","MEIS2",0.753337908163284,1.66348907442222
"658","RORA",0.748712568728306,1.75343381380461
"659","ULK1",0.748233516642769,0.939870282312911
"660","GADD45G",0.747584572792858,1.42861403625298
"661","PTN",0.745416307601546,1.13085911514957
"662","NGFR",0.743806979157074,1.30060124795729
"663","NEU1",0.742002996162148,1.16085130354758
"664","ANGPTL4",0.741754141097347,1.45317587968667
"665","ACAA1",0.741534255302435,1.51069277464452
"666","TXNIP",0.740670539803325,1.2471870670009
"667","CYP21A2",0.740563534529901,0.954116100217739
"668","WNT4",0.740139301389502,1.33180297050339
"669","ASCL1",0.738535847918869,1.06427833298148
"670","CEL",0.736734007696639,1.37561507398327
"671","BECN1",0.736435962088202,0.969856193174032
"672","MMP9",0.733796501944183,1.26355800665097
"673","SULT4A1",0.732777063596375,1.41999628547766
"674","CD38",0.731306061737652,1.33350151039983
"675","HERPUD1",0.730521922629708,1.65075449182474
"676","CALB2",0.728495422024113,1.5839977671854
"677","ACACB",0.72803052183493,1.36506976831948
"678","PDGFA",0.726675839421991,0.876147765591748
"679","KLF4",0.724795537870969,1.17706198055591
"680","PLK2",0.723502812786114,1.31675281356863
"681","POSTN",0.721187310615257,1.32616530819355
"682","PKP2",0.719990816167921,1.28742230403507
"683","CCR7",0.719653675959234,1.72187384584319
"684","MVP",0.716071540607517,1.19143391826454
"685","INSR",0.71585964614604,1.45664485127328
"686","HSPA1A",0.713737108215842,1.4849651899451
"687","SOX1",0.712308478456878,1.17938163885652
"688","ATP6V1B1",0.711565658571606,1.13460059677564
"689","CLDN4",0.711052480479419,0.949701864547832
"690","PTH1R",0.710678483030775,1.75696764238504
"691","VEGFA",0.70953715555542,1.33827001978299
"692","CES1",0.709156212834618,1.15695196925302
"693","SCD",0.708897407326539,1.08868640377592
"694","FOXC1",0.708368813451452,1.17873222930287
"695","YAP1",0.708122189247855,1.09160705791255
"696","RET",0.707499945639943,1.47799441719908
"697","CEBPA",0.706519110168518,1.65902231452612
"698","GSTK1",0.704041277103579,1.62051336613068
"699","SMAD4",0.703502476880375,1.43401924031075
"700","PFKFB4",0.70174767543384,1.17481221257042
"701","FOXO1",0.70081083591592,1.00047066785836
"702","EPHB2",0.700435580387939,1.2922132905391
"703","MGAM",0.700046455040696,1.24120070800336
"704","TRIM5",0.699886991093963,1.00104128742567
"705","MAP1LC3A",0.696702974529376,0.899417712465001
"706","OAS1",0.694160029166901,1.1902175477402
"707","MMP14",0.692750947899498,0.909310056783233
"708","KLRK1",0.691052666693007,1.35066011937174
"709","PLVAP",0.689388909189252,1.60185730228835
"710","PINK1",0.689192594856618,1.30001300634217
"711","SLC7A7",0.686212582042234,0.852115129889383
"712","ALDH1B1",0.685866256442352,1.60126726086549
"713","OSM",0.685821624845879,1.30490456567164
"714","CCNA2",0.684042880174133,1.19768048987084
"715","PTPRF",0.68184959448673,1.2799997832882
"716","SOCS2",0.680770489011822,0.909489302931873
"717","GREB1",0.680493961022234,1.00077190117752
"718","EFNA1",0.678262783237857,1.40850889640461
"719","RXRG",0.676624646322145,1.08310458536084
"720","TGFB1",0.675216025431986,1.29248528955455
"721","CRKL",0.673864745061406,0.861558417489225
"722","MSX2",0.673120251993165,1.62334702000227
"723","AKT1",0.671166106059067,1.10066592744604
"724","CYP7B1",0.670608989582518,1.35196103042647
"725","HNMT",0.670528380765735,1.28643442572408
"726","NCAM1",0.665800970028426,1.14138278327116
"727","PRKDC",0.665241700934595,1.56389595028873
"728","NAT2",0.664969032912549,0.781533851177442
"729","ZNF202",0.664206428898019,1.25716743531306
"730","TIE1",0.663418684334009,1.48983766788468
"731","SLC2A4",0.660101034477932,1.73274800458625
"732","OAS2",0.659594449175508,1.54543861966968
"733","TP53I3",0.658977323687436,1.61403255324295
"734","PTGS1",0.658748181682195,1.47457044168116
"735","RXRA",0.65852983602212,0.940170980973201
"736","IL6ST",0.653613333329791,0.896385788731434
"737","PAX5",0.651746029524702,2.27616962052748
"738","SCARB1",0.650784666286048,1.53645086029689
"739","ERG",0.649604033478465,1.11890051916497
"740","MTA1",0.649041609040051,1.15712527632055
"741","MEN1",0.648255535300639,1.06661049549229
"742","ACVRL1",0.647142683909541,1.34231260061646
"743","ELAVL1",0.646350357552371,1.06014143465247
"744","RARG",0.646165407529226,1.69969748979705
"745","DISC1",0.644386072057324,1.34834627925869
"746","SLC15A1",0.643133183806825,1.29870834931178
"747","JUP",0.64305794996855,1.09198468630464
"748","PCK2",0.639846215969763,1.07011812297172
"749","DNMT3B",0.639837569682904,1.14430129487899
"750","KYAT1",0.638382820037079,1.28992683059144
"751","GATA2",0.634034677350504,1.7639970784191
"752","KCNH2",0.633438984097161,1.37968050358969
"753","FHL2",0.631472748284899,1.23712059870624
"754","KRT7",0.630957796754146,1.53259717351564
"755","IL15",0.63055572785154,0.852133831431528
"756","SLC25A13",0.630223790373807,1.38060439394891
"757","LOX",0.628162862312262,1.20186066637532
"758","FGF8",0.62679781390274,1.24403981787282
"759","GJA5",0.626432522043589,1.29339773129496
"760","NOS1",0.6262270180281,1.27239759568214
"761","CCND1",0.625845358491052,1.27340595664427
"762","EPHX2",0.624764280087884,1.21499146591338
"763","ALDH3B2",0.624466620518599,1.74559063982225
"764","CYP1A1",0.622400614865363,1.70214115627162
"765","SULT1A2",0.622275793192882,1.42895943817116
"766","ACE",0.622142623704344,1.60670539632614
"767","HES1",0.620578800155282,1.4413599526273
"768","SGK1",0.620481866727173,1.45517550817877
"769","SLC19A3",0.620319027205361,1.19327306804242
"770","MAPK3",0.61999476153593,0.834699596838801
"771","BAK1",0.619355374108788,1.36467939221761
"772","USF1",0.61864354060606,1.32177093378683
"773","TP63",0.618359630461495,1.29431740433751
"774","STAT5A",0.615460199318893,1.64948024830086
"775","TNFSF13",0.614257620320322,1.12060468933019
"776","ICAM1",0.613294999867931,1.34711241979169
"777","CGA",0.612999156928115,1.5803450871182
"778","WNT2B",0.612144362119346,1.23627423992657
"779","BNIP3",0.610623213926588,1.16923169763857
"780","TOP2A",0.60926244925551,1.3484257306034
"781","TNFRSF6B",0.608628319645772,1.13413833389242
"782","HPGD",0.60779716030075,1.81837120833946
"783","IL1R1",0.606523991606019,1.19408804927596
"784","ANPEP",0.605561068550763,1.39643558652408
"785","TSPAN13",0.603592429053787,1.24746530625886
"786","MAN1A1",0.603151679593119,1.46145556393174
"787","NPPB",0.601662507215021,1.40045066892164
"788","RUNX1",0.600511132195475,1.3671587934825
"789","SST",0.598830647358117,1.05123524426479
"790","AGT",0.598225527527856,1.33653613479079
"791","PDPN",0.597100321959404,1.51167811821856
"792","KRT19",0.596273414956747,1.08648733476429
"793","DDB2",0.593584064206625,1.28751734880343
"794","CYP27A1",0.59335171478814,1.35179182625966
"795","CREM",0.590318127364112,1.02789109646058
"796","HK2",0.590087151826063,1.19770796356277
"797","HSF1",0.587969562900731,1.16009781345017
"798","CHEK1",0.582227182801703,1.52480930385434
"799","NANOG",0.579841209018998,1.18075479408921
"800","FURIN",0.57884287596207,1.29485377474998
"801","ADAMTS4",0.57793742770488,1.54001299637094
"802","CTSK",0.57676169449457,1.13378203929985
"803","IFNGR1",0.575986619956126,0.832190605225248
"804","UCP2",0.575247466784151,1.15631016007535
"805","NGF",0.574851988463278,1.34743932214108
"806","CXCL13",0.573608469241841,1.5819917515603
"807","DIAPH1",0.572696653649259,1.08584604802876
"808","FOS",0.570881401164823,2.05607065572167
"809","PANK2",0.570033525348089,1.03759352127431
"810","SEMA3F",0.569663024090666,1.25461802717193
"811","NFE2L2",0.567907224468227,1.23822360504333
"812","CCN1",0.567872207329379,1.44708034474838
"813","NOS3",0.56565947226685,1.68880018434491
"814","PPARG",0.565488741739408,1.34504518435502
"815","APOE",0.565249655850509,0.826760317560565
"816","AURKA",0.564492771710884,1.75354240343225
"817","CYP2C9",0.561962207365586,1.25334194205729
"818","SHMT2",0.561781859400549,1.33973861744937
"819","MYLIP",0.561562529648672,1.25236399009231
"820","BLNK",0.560667586168237,1.4421638903388
"821","HAND1",0.560082698016846,1.61888204200713
"822","PER2",0.560040716712567,0.989662132715311
"823","TUBB3",0.55950972779721,1.53688099941216
"824","ABCB11",0.557809759269482,1.15178699691098
"825","MKI67",0.554692300960827,1.42497515502241
"826","TMPRSS2",0.551761996190128,1.15345280423908
"827","RXRB",0.550239152394715,1.2986141278719
"828","ALOX5",0.548127870025888,1.0486350736634
"829","CDC25C",0.543832881680443,1.35036032016171
"830","BMF",0.537658897263539,1.33791066273567
"831","WSB1",0.532877611721855,0.997718085906798
"832","RFX2",0.532810908558513,1.47624949151005
"833","EPAS1",0.531620033002247,1.30067532900112
"834","IKBKG",0.531229645125218,1.54004032218923
"835","CHEK2",0.530896208157979,1.02449845998895
"836","RAMP3",0.530443714339534,1.09478086217835
"837","WNT6",0.527914742557924,1.71397337658231
"838","SOD2",0.52676435926791,1.35827744404141
"839","TRIM22",0.525630071903052,1.17011977482769
"840","PIM2",0.525260749470508,1.13786084239939
"841","GRIN2A",0.52488719102713,1.26925221384564
"842","MGST2",0.524056443027595,1.2417768420762
"843","CYP26A1",0.522934645767874,1.38742692970617
"844","TSC2",0.521559209434601,1.16188856671349
"845","SOX10",0.520037139137587,1.56897173665445
"846","CDH1",0.518766400472823,1.30458828805433
"847","RUNX2",0.51832411142828,1.17823649476948
"848","GPT",0.515829333942545,1.1770950051194
"849","CXCR4",0.512143688653706,1.47730227474678
"850","SLIT2",0.511934993367531,1.30747207950388
"851","RELB",0.511068348313416,1.40371446449593
"852","PRKCD",0.511029303998557,1.17621775461411
"853","RPS6KB1",0.510085607092866,0.841712219345173
"854","MAD1L1",0.508473573862888,1.11029723548303
"855","FGF23",0.508343051271469,1.37456164879394
"856","CHRNA7",0.506877794146189,1.1227433966587
"857","MCL1",0.50641845055877,1.46945521273901
"858","GLB1",0.500364976483204,1.4343677086356
"859","RNASEL",0.49862302018505,1.22571883919701
"860","CD55",0.497603612132886,0.978668937193123
"861","ST8SIA1",0.494408944254996,2.02152281446423
"862","EGFR",0.493442167686292,1.39803620968353
"863","PER1",0.492508054899273,1.31874994463633
"864","TNIP1",0.492409721206976,0.963969854802208
"865","STK11",0.490837025372343,1.12234952345196
"866","NFATC1",0.488860980189629,1.3284010248043
"867","ACADM",0.487322650017397,1.12609986959926
"868","SERP2",0.485559036393617,0.935857073990031
"869","FYN",0.484568500394541,1.15938591967121
"870","TH",0.483582450640458,1.16439120813033
"871","ADAMTS5",0.483421743474363,1.1718381956388
"872","FER",0.482831995415351,1.3045759733989
"873","NPR1",0.480706906066854,1.47897221167939
"874","SLC19A1",0.480268474586154,1.14441295314851
"875","LAMP2",0.477331570798386,1.19435639154707
"876","SOX9",0.475856659376748,1.68004473919521
"877","F3",0.471587469589484,1.18786259184061
"878","FLT4",0.469816562724081,1.40357745747793
"879","THY1",0.461650522246705,1.67713941218469
"880","ITGB3",0.46155954975991,1.32290060881603
"881","GAMT",0.461079084624867,1.2250322848728
"882","ATF3",0.460629465338878,1.39933294741905
"883","AXIN1",0.460339259664215,1.19980275400417
"884","TUBB2A",0.459943901069051,1.11281012320448
"885","ETV6",0.458341916837394,1.18183940395537
"886","ITGB1",0.456688224380271,0.902966786683409
"887","UBE2L6",0.456283576781264,1.30256262400876
"888","CD44",0.451467673260137,1.55969670382958
"889","GATA3",0.448992387816088,1.54775038571288
"890","TOP1",0.447132245000886,1.18369071475748
"891","DSP",0.446616051001472,1.36808475460644
"892","MAT2A",0.446554209960794,1.15917879976525
"893","TGFBI",0.446299396909974,1.2637171791412
"894","TNFRSF10B",0.442149373677274,1.27187620468487
"895","DAPK1",0.439584609317958,1.35985778078394
"896","ELF1",0.439566789146316,0.899930055139787
"897","CCNB1",0.436316327633775,1.6860815226746
"898","ITPK1",0.43450753987858,1.32962131398921
"899","XBP1",0.434374356150517,1.43520171478607
"900","NF2",0.430080912310153,1.14725327119359
"901","GALNT4",0.429869151761068,0.996210833946151
"902","GNMT",0.429365534495532,1.01797644583178
"903","NR3C2",0.429208489321041,1.11962723907758
"904","OPTN",0.426677559270572,1.18061926275507
"905","GRHL1",0.426247394316239,1.46892996492789
"906","MYOCD",0.418801498554475,1.3407910078384
"907","PGK1",0.418222383694609,1.06461020453221
"908","ACOX1",0.417156977786665,1.03127675426767
"909","SLC2A3",0.416016712783986,1.3594383973959
"910","PLK1",0.412891773903217,1.55179189039207
"911","CPLX2",0.411428700176104,1.21290740621107
"912","BGLAP",0.406901823519493,0.954354657947146
"913","PRMT5",0.405973601537575,0.947785222978878
"914","TNFRSF21",0.400115886004916,0.924099011629016
"915","IL18",0.399703782508502,1.19595766514773
"916","IL11",0.393940074238805,1.30678210295646
"917","HMGB1",0.386368723715014,0.973227650529043
"918","CD36",0.383379822248346,1.14966363961284
"919","IRS1",0.378688771393155,1.87487393343117
"920","TNFAIP3",0.378485023229345,1.16885417785277
"921","LMO2",0.377890833104736,2.21397519388396
"922","IL4R",0.375003108586437,1.39977324416615
"923","CDC45",0.373477893520125,0.995626597419585
"924","EOMES",0.371241635421777,1.71444413023394
"925","NKD1",0.368430933602092,1.23488035725072
"926","STAT6",0.367889434868198,1.26348125542777
"927","ACLY",0.365047983939489,1.16794281399084
"928","PRKCG",0.358389456346238,1.87158396712733
"929","EFNB2",0.356830790197871,1.44747001470221
"930","NRP2",0.356145492382407,1.56529011955852
"931","HSD11B2",0.354639360325294,1.222995936004
"932","IFIH1",0.35238123466165,1.08741974977308
"933","NRP1",0.352376635015428,1.89459965354074
"934","MTA2",0.351134978795632,1.45241604214087
"935","NNMT",0.351091473668822,1.09217825282702
"936","DDAH1",0.350184196086078,1.25981285229189
"937","CDC25A",0.349839764312818,1.24519287818562
"938","KLF6",0.343053460056523,1.26813471382495
"939","KRAS",0.340542525951501,1.1588411426336
"940","S100B",0.340409092639239,1.37154363334351
"941","SLC15A2",0.340137500956287,1.20961566863655
"942","AHR",0.334415345533251,1.12235666519875
"943","TLR9",0.329896234269844,0.954018204630754
"944","AQP1",0.327977310648551,1.82942832737987
"945","GPD1",0.326938613639661,0.704561944044865
"946","ANXA1",0.326349225967356,1.56345371025
"947","HDAC1",0.324112024785556,1.26076352337953
"948","ITGB2",0.323885586147657,1.12824672082082
"949","DDIT4",0.316094641957086,0.98674181028129
"950","ITGB4",0.314049306171793,1.25215130009363
"951","PARP1",0.312477882780483,1.07724048174277
"952","CD4",0.309812584578796,1.13347571854748
"953","PLAGL1",0.304835508031454,1.13180543639643
"954","MEF2C",0.295667148970089,1.47044450654458
"955","ETV4",0.295308412967705,1.61143983947558
"956","ASNS",0.291583372701932,1.15873225130323
"957","BMP4",0.291197838870911,1.2489876920094
"958","UGT2B7",0.289592380186197,1.24010199583203
"959","SULT1C2",0.283958377673305,1.10317232298407
"960","CSF1R",0.278639902194836,1.02692189552888
"961","TJP1",0.277491708164737,1.16717362556411
"962","NR2F1",0.27239623163365,1.0997718921899
"963","GRIK2",0.271971976511455,1.33155691807031
"964","BBC3",0.271639345595972,1.43757715133097
"965","ASMT",0.266907023821828,1.03196472085042
"966","PERP",0.2613547889192,0.933890693011893
"967","ACSL3",0.25427072854662,0.964010426294914
"968","FSCN1",0.252603508735684,1.24038177968296
"969","CNN1",0.247281021306899,1.33707627332502
"970","STAT2",0.247037863380746,0.982514523460074
"971","KIT",0.245893910262977,1.19849758384647
"972","RASSF5",0.245092459567669,0.985661645033668
"973","PRPF3",0.243622511907122,1.06696772483599
"974","ABCA4",0.241121850900567,1.55651145324029
"975","HLA-DPB1",0.228472028077392,1.01244620199803
"976","TXN",0.225468769460363,1.2542508619638
"977","TNFRSF9",0.220460510027109,1.15377103574305
"978","HEYL",0.219199548804666,1.35196957635562
"979","NCF1",0.216622014584874,0.947014322851813
"980","INHBA",0.21163369118055,1.3594516736021
"981","TNFSF11",0.204668901269533,1.10459237685379
"982","KLF9",0.20058602592615,1.20123839484638
"983","BIRC5",0.19914753494035,1.28072826947476
"984","BRCA2",0.19898866161883,0.850090439934485
"985","GHR",0.189347878905501,1.42300801629083
"986","SPHK1",0.182700865658993,1.64480175133905
"987","EBF3",0.178577265982587,0.980155983075407
"988","CD320",0.170818992482864,1.0620735293377
"989","DNAJB9",0.1581540054382,1.06352613891796
"990","PRKCE",0.14653768677933,1.06778396478096
"991","GATA4",0.143124100305059,1.5021281149004
"992","KLF16",0.128692518023715,0.912736138284498
"993","TGM1",0.126563585670497,1.76319824670809
"994","RBP4",0.123487323352245,1.15627482962027
"995","ST18",0.122347474052815,1.28672931273568
"996","PCP4",0.11882934620109,0.963394787352979
"997","STAR",0.118040403250218,1.35196988865893
"998","POU2F2",0.101900779692133,1.3910536524222
"999","NR4A1",0.098309313319509,1.2496849795181
"1000","MCM2",0.0924796720593144,1.10249766774797
"1001","EP300",0.0912167009673573,1.20071566776739
"1002","ERP44",0.0911998669396781,1.06972348461894
"1003","SLCO4A1",0.0909836108451427,1.05659524948537
"1004","ETS1",0.0758148776787913,1.50851723432332
"1005","SREBF1",0.0735797044960808,1.09402718439559
"1006","SLC7A11",0.0671575452035946,2.18998571121428
"1007","IL6",0.0643551352190639,1.47743383458201
"1008","PDK4",0.0616892641827496,1.1380167128978
"1009","GSTT1",0.0580827230097073,1.65531060250253
"1010","CDKN2A",0.0558719135217048,1.46824291557947
"1011","ERBB4",0.0490493975092096,1.48902783973997
"1012","BMI1",0.0481073052043169,1.10965622085825
"1013","TNFRSF1A",0.0424814639331149,1.07474191598815
"1014","NOX4",0.0369130052083982,1.00768590046537
"1015","IKBKE",0.0297280172075497,1.36984121529616
"1016","TLR4",0.0231983526629948,1.96889982924938
"1017","HTRA1",0.0137687378038021,1.33502908865431
"1018","MCM3",0.0137564790340479,0.891231890358529
"1019","COLEC10",0.0116707829701937,1.00319979129829
"1020","SLC7A6",0.00743083048593829,0.94958544584705
"1021","HMBS",-0.00724148926686054,1.14640309968985
"1022","CPT1A",-0.0141548077473768,1.25179253924421
"1023","RUNX3",-0.0199491787053065,1.25290367336186
"1024","COMP",-0.0199677147333326,1.57473545291932
"1025","EIF2AK3",-0.0203183996648784,0.887780126614065
"1026","ELAVL3",-0.0352335931452556,1.3437515186299
"1027","ESRRG",-0.0369281248326945,1.12925612494057
"1028","ABCB6",-0.0455041826222726,1.14615730871569
"1029","EEF1A2",-0.0468763824030011,1.1423131009005
"1030","RGN",-0.0632613534711171,1.44299562064703
"1031","IRF8",-0.0670582120523814,0.985640834822887
"1032","UTRN",-0.0706517184128571,1.18823772425654
"1033","ALDH9A1",-0.0731540957341347,1.22302725364865
"1034","TRIM16",-0.0818534486841283,1.66243589170948
"1035","XRCC5",-0.0823276161260442,0.66328550957477
"1036","IFI16",-0.0900565852621285,1.39949737389987
"1037","SLC19A2",-0.106301058815396,1.0418422818935
"1038","ALAS1",-0.106570792109135,1.15219694230532
"1039","HBEGF",-0.112595970913548,1.25151258768843
"1040","LPL",-0.122569883467353,0.879750120755093
"1041","TM4SF1",-0.127757772942208,1.5178799850364
"1042","IFITM1",-0.130103359589116,1.01818992240983
"1043","PTGS2",-0.132805924556815,1.28141155958724
"1044","OAS3",-0.132811971348232,1.0218998150075
"1045","GLA",-0.142788976838863,0.818859469698304
"1046","TPMT",-0.144172653268144,0.952320945846899
"1047","CAMK2B",-0.150864238456221,0.840545582069456
"1048","ADA",-0.172725807386271,1.3632675338779
"1049","RAD51",-0.176178503445828,1.07254369979248
"1050","ALDH3A1",-0.17751176164322,1.04229321647544
"1051","TNFRSF10A",-0.177904706937419,1.25157165828814
"1052","CYP26B1",-0.185522319979086,1.17297285239412
"1053","TCF7L2",-0.203272216931871,1.1281163963562
"1054","SKP2",-0.211495275512468,0.95107916219765
"1055","IGFBP2",-0.216635029932324,0.909224051957249
"1056","ABCA9",-0.229336290624795,1.03809003400061
"1057","HDAC2",-0.230334951653664,0.96025434362591
"1058","PRDM1",-0.23620228909122,1.4065851216143
"1059","PPP3CA",-0.254220135680765,1.23075163544189
"1060","PDHA1",-0.264417763248988,1.00901460546227
"1061","CYP51A1",-0.271565301206689,1.24376856201777
"1062","SMAD6",-0.289246956323921,1.48724000374249
"1063","ACAN",-0.300790859423304,1.82039494194969
"1064","ACTA2",-0.303647823177985,1.08804298992684
"1065","IFIT2",-0.308793171540948,0.923491393244562
"1066","SDC1",-0.308964278734822,1.20768755129262
"1067","CYP1B1",-0.312841805036685,1.85233857353203
"1068","PIM1",-0.313058523161148,1.11768720694614
"1069","TREM2",-0.342199706656796,1.29613068673846
"1070","FOXF1",-0.345351549591991,1.06066173958342
"1071","SET",-0.353613048419577,1.00627406437472
"1072","CD82",-0.359199684287654,1.53699642741021
"1073","HOPX",-0.372911290258835,2.0801026144928
"1074","VEGFC",-0.373341444728852,1.73777903336092
"1075","SLC23A2",-0.384971796085028,1.08419583046833
"1076","ISG20",-0.388158050301799,0.990597627814139
"1077","NR5A2",-0.412852092343587,1.12403683031649
"1078","TYMS",-0.433883187866576,1.1940975584604
"1079","NSG2",-0.436380279071838,0.908951837047925
"1080","ETS2",-0.467764198474941,1.3229848431206
"1081","DRD2",-0.473288628052464,1.44629516851627
"1082","TCF7L1",-0.475536920231815,1.12555797292806
"1083","NCOA1",-0.48791076229973,1.08718265581371
"1084","SLCO2A1",-0.489212263920166,1.07981101225614
"1085","FAS",-0.491377868534003,1.2607097152599
"1086","IER3",-0.53959933674941,1.46349214564019
"1087","PPM1D",-0.559982653182513,1.19407401722008
"1088","NEUROD1",-0.568398173994015,1.3110308008592
"1089","CCNA1",-0.570610597526998,1.24451583999475
"1090","BCL3",-0.577937433711561,1.23926960056745
"1091","GLUL",-0.595120839859332,1.11353896454303
"1092","POU5F1",-0.638946871156025,1.13148238854203
"1093","CYP24A1",-0.640782710406725,1.52422217693845
"1094","VEGFB",-0.643523390621021,1.10053265062474
"1095","PLA2G2A",-0.653169887050736,1.49249540528186
"1096","FMO5",-0.653993235028641,1.06443910474065
"1097","SPI1",-0.654959516838654,1.01475935579375
"1098","DDX58",-0.659453432853267,1.3137135053812
"1099","ADAM12",-0.662398549320645,1.23727356098078
"1100","NFIB",-0.68697815822763,1.01760593495207
"1101","MAFB",-0.695402020814967,1.1910553970055
"1102","KDM6B",-0.708052044530162,1.42268654241863
"1103","DLL1",-0.715877609329956,1.23218183055523
"1104","ACVR1",-0.716428080032341,1.14545760970409
"1105","FOSB",-0.763603161514014,2.51868587930867
"1106","PPARD",-0.767216427383548,0.915340445498171
"1107","HMGCS1",-0.769167321941333,1.21864245142544
"1108","PMAIP1",-0.783006340968215,1.24669275106009
"1109","LDLR",-0.808550076288541,1.47697015888809
"1110","ALDH7A1",-0.846710590934719,0.974366068820887
"1111","BMPR2",-0.872077439455566,0.992888380033065
"1112","BMP6",-0.874573411444332,1.14774180312413
"1113","DNMT1",-0.87953059575156,1.24709966706891
"1114","ABCA1",-0.902635704108261,1.60116267634227
"1115","SERPINA3",-0.922668801813485,1.29083955493149
"1116","WNT7B",-0.954372152654009,1.31197046874084
"1117","SOX6",-0.962040571801918,1.37794684788229
"1118","PROM1",-0.976746696535166,1.13258557535072
"1119","TEAD1",-0.982207570451541,0.985849890115722
"1120","UBE2N",-1.01359927203217,1.32285989464056
"1121","TEK",-1.04369406149527,1.53024381376982
"1122","PLXND1",-1.04659140118394,1.43049710647252
"1123","SLC7A9",-1.09015682501569,0.824188669160368
"1124","STAT1",-1.14888201718425,1.25392816353218
"1125","MAPK14",-1.1636801383145,1.22120712995018
"1126","ALDH5A1",-1.26933768325938,1.08596866664524
"1127","MT1X",-1.27446647666504,1.19260315623384
"1128","TFAM",-1.27451124723106,1.22751382994292
"1129","TGFA",-1.3248518533022,1.74813480070771
"1130","NES",-1.33696059602242,0.965887651762397
"1131","BCL6",-1.34834640504409,1.03439434930769
"1132","FOXA1",-1.35759937014802,1.74949466826393
"1133","CES2",-1.37842636306879,1.71821675793673
"1134","PIK3R1",-1.45576692866875,0.974050790000376
"1135","MST1",-1.46356049984685,1.70591814978454
"1136","FOXP1",-1.48029509796183,1.11142269507286
"1137","GSTM2",-1.56302376307932,1.07599517040838
"1138","MAPK1",-1.60864680671942,1.20148449839052
"1139","VIL1",-1.64331816852738,1.71049125804459
"1140","CREBBP",-1.64770628749269,1.35595929267724
"1141","CDH13",-1.67187571889497,1.5246813353127
"1142","CTSS",-1.68144458671457,1.22081609904384
"1143","ADORA2B",-1.71079190155871,1.43621150077876
"1144","PROX1",-1.76200123741343,1.10067056244142
"1145","RPTOR",-1.76824569908672,1.1263214646699
"1146","TNFRSF11A",-1.79266030699106,1.36708032269458
"1147","COL18A1",-1.81256044248594,0.761090268801704
"1148","LPIN1",-1.96550964961241,1.23481242473758
"1149","DUSP6",-2.00437766055544,1.50542162866188
"1150","SDHA",-2.08418171186283,0.960954179072887
"1151","DLL4",-2.09555813210035,0.840074732830583
"1152","AXIN2",-2.12333323694885,1.14484088447373
"1153","PTTG1",-2.16618602220205,0.897381726995041
"1154","TFF3",-2.19609912501523,1.09699543655252
"1155","ID2",-2.22766851553777,1.36284762199458
"1156","LIFR",-2.3590056647737,1.39602747388231
"1157","NQO2",-2.46684988491256,1.19169881189867
"1158","PTEN",-2.48838882173709,1.22933636167577
"1159","SLC38A2",-2.50521892121256,1.6246059753753
"1160","GDF15",-2.51291345908078,1.13372943612194
"1161","AURKB",-2.5545535316753,0.932188720375176
"1162","IFIT1",-2.60157220657357,1.13846148026006
"1163","CRADD",-2.64089810001607,1.44676952779825
"1164","PTGES",-2.66800703606529,1.44451386486018
"1165","ENO1",-2.85321079934602,0.801169740432338
"1166","CYP2W1",-2.86580687001218,1.43572149562107
"1167","DPP4",-2.87869437989397,0.935965001510707
"1168","ERCC6",-2.94758601108247,0.952059117262527
"1169","UGT8",-2.96947789899233,1.04918344664042
"1170","ADAM19",-2.97009103245502,2.07781703053256
"1171","IKBKB",-2.99961860351186,1.01740680742396
"1172","PMP22",-3.10605777890314,1.06492556160958
"1173","ABL1",-3.19383643934811,1.07898878142322
"1174","MSR1",-3.3011839302283,1.22210484679917
"1175","GPR119",-3.31620323453003,0.99506994582464
"1176","USP18",-3.43014352505384,1.21196603230143
"1177","FMO4",-3.46947024188854,1.41259848450888
"1178","CACNA1C",-3.49823210284527,1.72636263039997
"1179","SRC",-3.5154846597858,1.2063823206125
"1180","CAV1",-3.58591262167749,0.950200236521586
"1181","SLC16A1",-3.72392413279396,1.1177477436722
"1182","ANK1",-3.78684592481117,1.07719759814636
"1183","MMP2",-3.91152006625427,0.993293259467831
"1184","PAK1",-4.12352536613965,1.65391825808027
"1185","PLAT",-4.19655478982795,0.978177790972897
"1186","IL10RB",-4.38538114183691,0.959850800745695
"1187","PDGFRB",-4.75516245722286,0.955688494299393
"1188","RGS2",-4.83111741885912,0.952809825433933
"1189","NAB2",-4.83903212006234,1.18959494921074
"1190","MTHFR",-4.84346658027907,1.53241376649158
"1191","CYP11A1",-5.034448024797,1.21372291221186
"1192","LIF",-5.47126965468817,1.39898726885323
"1193","ANGPT2",-5.55407592448528,1.28532553903498
"1194","ZBTB18",-5.85821318539342,1.32468389289764
"1195","ESD",-6.30390789118527,1.14623874663931
"1196","CASP9",-7.66344050871383,1.43952868953405
"1197","GSTM3",-7.67796389561422,1.2032781621933
"1198","SLC22A4",-7.82220422990244,0.897599029067162
"1199","ATM",-9.68401612505581,1.14904975764467
"1200","BHLHE41",-10.0552577034332,1.74425615418253
"1201","HIF1A",-10.0677415497259,1.08119278072568
"1202","EDN1",-10.4597999526722,1.45275075794835
"1203","NPC1L1",-11.6027542511771,1.49436373454882
"1204","CFLAR",-13.1036010658184,1.2601559289017
"1205","LRP5",-15.4528930970943,0.907991859967012
"1206","ADAR",-17.2388083843476,1.3192503577102
"1207","BGN",-20.6927530379515,1.30499619114591
"1208","CNP",-20.8997089482952,1.16933842437629
"1209","ACSL4",-41.4976148110524,1.2808382766057
"1210","DNAJA1",-58.8457991275487,1.04384922352942
"1211","IRF7",-91.3852838215783,1.15367275895418
"1212","PIK3R3",-103.653737810948,0.803333275729651
"1213","PTHLH",-113.310863169749,1.49445157601094
"1214","ATP7B",-130.528097101452,0.948514002577963
"1215","ALDH3A2",-140.257542871452,1.14237171610902
